,fail_in_30d,fail_in_90d,fail_in_365d,time_to_failure,events_observed,asset_id,snapshot_date
0,0,0,0,,0,1001400,2024-12-01
1,0,0,0,,0,1000000,2024-12-01
2,0,0,0,,0,1000100,2024-12-01
3,0,0,0,,0,1000200,2024-12-01
4,0,0,0,,0,1000300,2024-12-01
5,1,1,1,7.0,1,1000400,2024-12-01
6,0,0,0,,0,1000500,2024-12-01
7,0,0,0,,0,1000600,2024-12-01
8,0,0,0,,0,1000700,2024-12-01
9,0,0,0,,0,1000800,2024-12-01
10,0,0,0,,0,1000900,2024-12-01
11,0,0,0,,0,1001000,2024-12-01
12,0,0,0,,0,1001100,2024-12-01
13,0,0,0,,0,1001200,2024-12-01
14,0,0,0,,0,1001300,2024-12-01
15,0,0,0,,0,1001500,2024-12-01
16,0,0,0,,0,1001600,2024-12-01
17,0,0,0,,0,1001700,2024-12-01
18,0,0,0,,0,1001800,2024-12-01
19,0,0,0,,0,1001900,2024-12-01
20,0,0,0,,0,1002000,2024-12-01
21,0,0,0,,0,1002100,2024-12-01
22,0,0,0,,0,1002200,2024-12-01
23,0,0,1,358.0,1,1002300,2024-12-01
24,0,0,0,,0,1002400,2024-12-01
25,1,1,1,4.0,1,1002500,2024-12-01
26,0,0,1,264.0,1,1002600,2024-12-01
27,0,0,0,,0,1002700,2024-12-01
28,0,0,0,,0,1002800,2024-12-01
29,0,0,0,,0,1002900,2024-12-01
30,0,0,1,158.0,1,1003000,2024-12-01
31,0,0,1,362.0,1,1003100,2024-12-01
32,0,0,0,,0,1003200,2024-12-01
33,0,0,0,,0,1003300,2024-12-01
34,0,0,0,,0,1003400,2024-12-01
35,0,0,0,,0,1003500,2024-12-01
36,0,0,0,,0,1003600,2024-12-01
37,0,0,0,,0,1003700,2024-12-01
38,0,0,0,,0,1003800,2024-12-01
39,0,0,0,,0,1003900,2024-12-01
40,0,0,0,,0,1004000,2024-12-01
41,0,0,1,318.0,1,1004100,2024-12-01
42,0,0,1,279.0,1,1004200,2024-12-01
43,0,0,0,,0,1004300,2024-12-01
44,0,0,0,,0,1004400,2024-12-01
45,0,0,0,,0,1004500,2024-12-01
46,0,0,0,,0,1004600,2024-12-01
47,0,0,0,,0,1004700,2024-12-01
48,0,0,0,,0,1004800,2024-12-01
49,0,0,0,,0,1004900,2024-12-01
50,0,1,1,42.0,1,1005000,2024-12-01
51,0,0,0,,0,1005100,2024-12-01
52,0,0,0,,0,1005200,2024-12-01
53,0,0,1,154.0,1,1005300,2024-12-01
54,0,0,0,,0,1005400,2024-12-01
55,0,0,0,,0,1005500,2024-12-01
56,0,0,0,,0,1005600,2024-12-01
57,0,0,0,,0,1005700,2024-12-01
58,0,0,0,,0,1005800,2024-12-01
59,0,0,0,,0,1005900,2024-12-01
60,0,0,0,,0,1006000,2024-12-01
61,0,0,0,,0,1006100,2024-12-01
62,0,0,0,,0,1006200,2024-12-01
63,0,0,0,,0,1006300,2024-12-01
64,0,0,0,,0,1006400,2024-12-01
65,0,0,0,,0,1006500,2024-12-01
66,0,0,0,,0,2000000,2024-12-01
67,0,0,0,,0,2000001,2024-12-01
68,0,0,0,,0,2000002,2024-12-01
69,0,0,0,,0,2000003,2024-12-01
70,0,0,0,,0,2000004,2024-12-01
71,0,0,0,,0,2000005,2024-12-01
72,0,0,0,,0,2000006,2024-12-01
73,0,0,0,,0,2000007,2024-12-01
74,0,0,0,,0,2000008,2024-12-01
75,0,0,0,,0,2000009,2024-12-01
76,0,0,0,,0,2000010,2024-12-01
77,0,0,0,,0,2000011,2024-12-01
78,0,0,0,,0,2000012,2024-12-01
79,0,0,0,,0,2000013,2024-12-01
80,0,0,1,317.0,1,2000014,2024-12-01
81,0,0,0,,0,2000015,2024-12-01
82,0,0,0,,0,2000016,2024-12-01
83,0,0,0,,0,2000017,2024-12-01
84,0,0,1,349.0,1,2000018,2024-12-01
85,0,0,0,,0,2000019,2024-12-01
86,0,0,0,,0,2000020,2024-12-01
87,0,0,0,,0,2000021,2024-12-01
88,0,0,0,,0,2000022,2024-12-01
89,0,0,0,,0,2000023,2024-12-01
90,0,0,0,,0,2000024,2024-12-01
91,0,0,0,,0,2000025,2024-12-01
92,0,0,0,,0,2000026,2024-12-01
93,0,0,0,,0,2000027,2024-12-01
94,0,0,0,,0,2000028,2024-12-01
95,0,0,0,,0,2000029,2024-12-01
96,0,0,1,277.0,1,2000030,2024-12-01
97,0,0,0,,0,2000031,2024-12-01
98,0,0,0,,0,2000032,2024-12-01
99,0,0,0,,0,2000033,2024-12-01
100,0,0,1,280.0,1,2000034,2024-12-01
101,0,0,0,,0,2000035,2024-12-01
102,0,0,0,,0,2000036,2024-12-01
103,0,0,1,193.0,1,2000037,2024-12-01
104,0,0,0,,0,2000038,2024-12-01
105,0,0,0,,0,2000039,2024-12-01
106,0,0,0,,0,2000040,2024-12-01
107,0,0,0,,0,2000041,2024-12-01
108,0,0,0,,0,2000042,2024-12-01
109,0,0,0,,0,2000043,2024-12-01
110,0,0,0,,0,2000044,2024-12-01
111,0,0,0,,0,2000045,2024-12-01
112,0,0,0,,0,2000046,2024-12-01
113,0,0,0,,0,2000047,2024-12-01
114,0,0,0,,0,2000048,2024-12-01
115,0,0,0,,0,2000049,2024-12-01
116,0,0,0,,0,2000050,2024-12-01
117,0,0,0,,0,2000051,2024-12-01
118,0,0,0,,0,2000052,2024-12-01
119,0,0,0,,0,2000053,2024-12-01
120,0,0,0,,0,2000054,2024-12-01
121,0,0,0,,0,2000055,2024-12-01
122,0,0,0,,0,2000056,2024-12-01
123,0,0,0,,0,2000057,2024-12-01
124,0,0,0,,0,2000058,2024-12-01
125,0,0,0,,0,2000059,2024-12-01
126,0,0,0,,0,2000060,2024-12-01
127,0,0,0,,0,2000061,2024-12-01
128,0,0,0,,0,2000062,2024-12-01
129,0,0,0,,0,2000063,2024-12-01
130,0,0,0,,0,2000064,2024-12-01
131,0,0,0,,0,2000065,2024-12-01
132,0,0,0,,0,2000066,2024-12-01
133,0,0,0,,0,2000067,2024-12-01
134,0,0,0,,0,2000068,2024-12-01
135,0,0,0,,0,2000069,2024-12-01
136,0,0,0,,0,2000070,2024-12-01
137,0,0,0,,0,2000071,2024-12-01
138,0,0,0,,0,2000072,2024-12-01
139,0,0,0,,0,2000073,2024-12-01
140,0,0,0,,0,2000074,2024-12-01
141,0,0,0,,0,2000075,2024-12-01
142,0,0,0,,0,2000076,2024-12-01
143,0,0,0,,0,2000077,2024-12-01
144,0,0,0,,0,2000078,2024-12-01
145,0,0,0,,0,2000079,2024-12-01
146,0,0,0,,0,2000080,2024-12-01
147,0,1,1,87.0,1,2000081,2024-12-01
148,0,0,1,359.0,1,2000082,2024-12-01
149,0,0,0,,0,2000083,2024-12-01
150,0,0,0,,0,2000084,2024-12-01
151,0,0,0,,0,2000085,2024-12-01
152,0,1,1,31.0,1,2000086,2024-12-01
153,0,0,0,,0,2000087,2024-12-01
154,0,0,0,,0,2000088,2024-12-01
155,0,0,0,,0,2000089,2024-12-01
156,0,0,0,,0,2000090,2024-12-01
157,0,0,0,,0,2000091,2024-12-01
158,0,0,0,,0,2000092,2024-12-01
159,0,0,0,,0,2000093,2024-12-01
160,0,0,0,,0,2000094,2024-12-01
161,0,0,0,,0,2000095,2024-12-01
162,0,0,0,,0,2000096,2024-12-01
163,0,0,0,,0,2000097,2024-12-01
164,0,0,0,,0,2000098,2024-12-01
165,0,0,0,,0,2000099,2024-12-01
166,0,0,0,,0,2000100,2024-12-01
167,0,0,0,,0,2021000,2024-12-01
168,0,0,0,,0,2021001,2024-12-01
169,0,0,1,276.0,1,2021002,2024-12-01
170,0,0,0,,0,2021003,2024-12-01
171,0,0,0,,0,2021004,2024-12-01
172,0,0,0,,0,2021005,2024-12-01
173,0,0,0,,0,2021006,2024-12-01
174,0,0,0,,0,2021007,2024-12-01
175,0,0,0,,0,2021008,2024-12-01
176,0,0,0,,0,2021009,2024-12-01
177,0,0,0,373.0,1,2021010,2024-12-01
178,0,0,0,,0,2021011,2024-12-01
179,0,0,0,,0,2021012,2024-12-01
180,0,0,0,,0,2021013,2024-12-01
181,0,0,0,,0,2021014,2024-12-01
182,0,0,0,,0,2021015,2024-12-01
183,0,0,0,,0,2021016,2024-12-01
184,0,0,0,,0,2021017,2024-12-01
185,0,0,0,,0,2021018,2024-12-01
186,0,0,0,,0,2021019,2024-12-01
187,0,0,0,,0,2021020,2024-12-01
188,0,0,0,,0,2021021,2024-12-01
189,0,0,0,,0,2021022,2024-12-01
190,0,0,0,,0,2021023,2024-12-01
191,0,0,0,,0,2021024,2024-12-01
192,0,0,0,,0,2021025,2024-12-01
193,0,0,0,,0,2021026,2024-12-01
194,0,0,0,,0,2021027,2024-12-01
195,0,0,0,,0,2021028,2024-12-01
196,0,0,0,,0,2021029,2024-12-01
197,0,0,0,,0,2021030,2024-12-01
198,0,0,0,,0,2021031,2024-12-01
199,0,0,0,,0,2021032,2024-12-01
200,0,0,0,,0,2021033,2024-12-01
201,0,0,1,163.0,1,2021034,2024-12-01
202,0,0,0,,0,2021035,2024-12-01
203,0,0,0,,0,2021036,2024-12-01
204,0,0,0,,0,2021037,2024-12-01
205,0,0,1,356.0,1,2021038,2024-12-01
206,0,0,0,,0,2021039,2024-12-01
207,0,0,0,,0,2021040,2024-12-01
208,0,0,0,,0,2021041,2024-12-01
209,0,0,0,,0,2021042,2024-12-01
210,0,0,0,,0,2021043,2024-12-01
211,0,0,0,,0,2021044,2024-12-01
212,0,0,0,,0,2021045,2024-12-01
213,0,0,0,,0,2021046,2024-12-01
214,0,0,0,,0,2021047,2024-12-01
215,0,0,0,,0,2021048,2024-12-01
216,0,0,0,,0,2021049,2024-12-01
217,0,0,0,,0,2021050,2024-12-01
218,0,0,0,,0,2021051,2024-12-01
219,1,1,1,14.0,1,2021052,2024-12-01
220,0,0,0,,0,2021053,2024-12-01
221,0,0,0,,0,2021054,2024-12-01
222,0,0,0,,0,2000101,2024-12-01
223,0,0,1,123.0,1,2000102,2024-12-01
224,0,0,0,,0,2000103,2024-12-01
225,0,0,0,,0,2000104,2024-12-01
226,0,0,0,,0,2000105,2024-12-01
227,0,0,0,,0,2000106,2024-12-01
228,0,0,0,,0,2000107,2024-12-01
229,0,0,0,,0,2000108,2024-12-01
230,0,0,0,,0,2000109,2024-12-01
231,0,0,0,,0,2000110,2024-12-01
232,0,0,0,,0,2000111,2024-12-01
233,0,0,0,,0,2000112,2024-12-01
234,0,0,0,,0,2000113,2024-12-01
235,0,0,0,,0,2000114,2024-12-01
236,0,0,0,,0,2000115,2024-12-01
237,0,0,0,,0,2000116,2024-12-01
238,0,0,0,,0,2000117,2024-12-01
239,0,0,1,177.0,1,2000118,2024-12-01
240,0,0,0,,0,2000119,2024-12-01
241,0,0,0,,0,2000120,2024-12-01
242,0,0,0,,0,2000121,2024-12-01
243,0,0,0,,0,2000122,2024-12-01
244,0,0,0,,0,2000123,2024-12-01
245,0,0,0,,0,2000124,2024-12-01
246,0,0,0,,0,2000125,2024-12-01
247,0,0,0,,0,2000126,2024-12-01
248,0,0,1,137.0,1,2000127,2024-12-01
249,0,0,0,,0,2000128,2024-12-01
250,0,0,0,,0,2000129,2024-12-01
251,0,0,0,,0,2000130,2024-12-01
252,0,0,0,,0,2000131,2024-12-01
253,0,0,0,,0,2000132,2024-12-01
254,0,0,1,262.0,1,2000133,2024-12-01
255,0,0,0,,0,2000134,2024-12-01
256,0,0,0,,0,2000135,2024-12-01
257,0,0,0,,0,2000136,2024-12-01
258,0,0,1,102.0,1,2000137,2024-12-01
259,0,0,1,281.0,1,2000138,2024-12-01
260,0,0,0,,0,2000139,2024-12-01
261,0,0,0,,0,2000140,2024-12-01
262,0,1,1,57.0,1,2000141,2024-12-01
263,0,0,0,,0,2000142,2024-12-01
264,0,0,0,,0,2000143,2024-12-01
265,0,0,0,,0,2000144,2024-12-01
266,0,0,0,,0,2000145,2024-12-01
267,0,0,0,,0,2000146,2024-12-01
268,0,0,0,,0,2000147,2024-12-01
269,0,0,0,,0,2000148,2024-12-01
270,0,0,0,,0,2000149,2024-12-01
271,0,0,0,,0,2000150,2024-12-01
272,0,0,0,,0,2000151,2024-12-01
273,0,0,0,,0,2000152,2024-12-01
274,0,0,0,,0,2000153,2024-12-01
275,0,0,0,,0,2000154,2024-12-01
276,0,0,0,368.0,1,2000155,2024-12-01
277,0,0,0,,0,2000156,2024-12-01
278,0,0,0,,0,2000157,2024-12-01
279,0,0,0,,0,2000158,2024-12-01
280,0,0,0,,0,2000159,2024-12-01
281,0,0,0,,0,2000160,2024-12-01
282,0,0,0,,0,2000161,2024-12-01
283,0,0,0,,0,2000162,2024-12-01
284,0,0,0,,0,2000163,2024-12-01
285,0,0,0,,0,2000164,2024-12-01
286,0,0,0,,0,2000165,2024-12-01
287,0,1,1,48.0,1,2000166,2024-12-01
288,0,0,0,,0,2000167,2024-12-01
289,0,0,1,97.0,1,2000168,2024-12-01
290,0,0,0,,0,2000169,2024-12-01
291,0,0,0,,0,2000170,2024-12-01
292,0,0,0,,0,2000171,2024-12-01
293,0,0,0,,0,2000172,2024-12-01
294,0,0,0,,0,2000173,2024-12-01
295,0,0,0,,0,2000174,2024-12-01
296,0,0,0,,0,2000175,2024-12-01
297,0,0,0,,0,2000176,2024-12-01
298,0,0,1,360.0,1,2000177,2024-12-01
299,0,0,0,,0,2000178,2024-12-01
300,0,1,1,35.0,1,2000179,2024-12-01
301,0,0,0,,0,2000180,2024-12-01
302,0,0,0,,0,2000181,2024-12-01
303,0,0,0,,0,2000182,2024-12-01
304,0,0,0,,0,2000183,2024-12-01
305,0,0,0,,0,2000184,2024-12-01
306,0,0,0,,0,2000185,2024-12-01
307,0,0,0,,0,2000186,2024-12-01
308,0,0,0,,0,2000187,2024-12-01
309,0,0,0,,0,2000188,2024-12-01
310,0,0,0,,0,2000189,2024-12-01
311,0,0,0,,0,2000190,2024-12-01
312,0,1,1,54.0,1,2000191,2024-12-01
313,0,0,1,165.0,1,2000192,2024-12-01
314,0,0,0,,0,2000193,2024-12-01
315,0,0,0,,0,2000194,2024-12-01
316,0,0,0,,0,2000195,2024-12-01
317,0,0,0,,0,2000196,2024-12-01
318,0,0,0,,0,2000197,2024-12-01
319,0,0,0,,0,2000198,2024-12-01
320,0,0,0,,0,2000199,2024-12-01
321,0,0,0,,0,2000200,2024-12-01
322,0,0,0,,0,2000201,2024-12-01
323,0,0,0,,0,2000202,2024-12-01
324,0,0,0,,0,2000203,2024-12-01
325,0,0,0,,0,2000204,2024-12-01
326,0,0,0,,0,2000205,2024-12-01
327,0,0,0,,0,2000206,2024-12-01
328,0,0,0,,0,2000207,2024-12-01
329,0,0,0,,0,2000208,2024-12-01
330,0,0,0,,0,2000209,2024-12-01
331,0,0,0,,0,2000210,2024-12-01
332,0,0,0,,0,2000211,2024-12-01
333,0,0,0,,0,2000212,2024-12-01
334,0,0,0,,0,2000213,2024-12-01
335,0,0,0,,0,2000214,2024-12-01
336,0,0,0,,0,2000215,2024-12-01
337,0,0,0,,0,2000216,2024-12-01
338,0,0,0,,0,2000217,2024-12-01
339,0,0,0,,0,2000218,2024-12-01
340,0,0,0,,0,2000219,2024-12-01
341,0,0,0,,0,2000220,2024-12-01
342,0,0,0,,0,2000221,2024-12-01
343,0,0,1,266.0,1,2000222,2024-12-01
344,0,0,0,,0,2000223,2024-12-01
345,0,0,0,,0,2000224,2024-12-01
346,0,0,0,,0,2000225,2024-12-01
347,0,0,1,361.0,1,2000226,2024-12-01
348,0,0,0,,0,2000227,2024-12-01
349,0,0,0,,0,2000228,2024-12-01
350,0,1,1,83.0,1,2000229,2024-12-01
351,0,0,0,,0,2000230,2024-12-01
352,0,0,0,,0,2000231,2024-12-01
353,0,0,0,,0,2000232,2024-12-01
354,0,0,0,,0,2000233,2024-12-01
355,0,0,0,,0,2000234,2024-12-01
356,0,0,0,,0,2000235,2024-12-01
357,0,0,0,,0,2000236,2024-12-01
358,0,0,0,,0,2000237,2024-12-01
359,0,0,1,118.0,1,2000238,2024-12-01
360,0,0,0,,0,2000239,2024-12-01
361,0,0,0,,0,2000240,2024-12-01
362,0,0,1,144.0,1,2000241,2024-12-01
363,0,0,0,,0,2000242,2024-12-01
364,0,1,1,57.0,1,2000243,2024-12-01
365,0,0,0,,0,2000244,2024-12-01
366,0,0,0,,0,2000245,2024-12-01
367,0,1,1,48.0,1,2000246,2024-12-01
368,0,0,1,97.0,1,2000247,2024-12-01
369,0,0,0,,0,2000248,2024-12-01
370,0,0,0,,0,2000249,2024-12-01
371,0,0,0,,0,2000250,2024-12-01
372,0,0,1,292.0,1,2000251,2024-12-01
373,0,0,0,,0,2000252,2024-12-01
374,0,0,0,,0,2000253,2024-12-01
375,0,0,0,,0,2000254,2024-12-01
376,0,0,0,,0,2000255,2024-12-01
377,0,0,0,,0,2000256,2024-12-01
378,1,1,1,21.0,1,2000257,2024-12-01
379,0,0,0,,0,2000258,2024-12-01
380,0,0,0,,0,2000259,2024-12-01
381,0,0,0,,0,2000260,2024-12-01
382,0,0,0,,0,2000261,2024-12-01
383,0,0,0,,0,2000262,2024-12-01
384,0,0,0,,0,2000263,2024-12-01
385,0,0,0,,0,2000264,2024-12-01
386,0,0,0,,0,2000265,2024-12-01
387,1,1,1,6.0,1,2000266,2024-12-01
388,0,0,0,,0,2000267,2024-12-01
389,0,0,1,342.0,1,2000268,2024-12-01
390,0,0,0,,0,2000269,2024-12-01
391,0,0,0,,0,2000270,2024-12-01
392,0,0,0,,0,2000271,2024-12-01
393,0,0,0,,0,2000272,2024-12-01
394,0,0,0,,0,2000273,2024-12-01
395,0,0,0,,0,2000274,2024-12-01
396,0,0,0,,0,2000275,2024-12-01
397,0,0,0,,0,2000276,2024-12-01
398,0,0,0,,0,2000277,2024-12-01
399,0,0,0,,0,2000278,2024-12-01
400,0,0,0,,0,2000279,2024-12-01
401,0,0,0,,0,2000280,2024-12-01
402,0,0,0,,0,2000281,2024-12-01
403,0,0,0,,0,2000282,2024-12-01
404,0,1,1,71.0,1,2000283,2024-12-01
405,0,0,0,,0,2000284,2024-12-01
406,0,0,0,,0,2000285,2024-12-01
407,0,0,0,,0,2000286,2024-12-01
408,0,0,0,,0,2000287,2024-12-01
409,0,0,0,,0,2000288,2024-12-01
410,0,0,0,,0,2000289,2024-12-01
411,0,0,1,231.0,1,2000290,2024-12-01
412,0,0,0,,0,2000291,2024-12-01
413,0,0,0,,0,2000292,2024-12-01
414,0,0,0,,0,2000293,2024-12-01
415,0,0,0,,0,2000294,2024-12-01
416,0,0,0,,0,2000295,2024-12-01
417,0,0,0,372.0,1,2000296,2024-12-01
418,0,0,0,,0,2000297,2024-12-01
419,0,0,0,,0,2000298,2024-12-01
420,1,1,1,9.0,1,2000299,2024-12-01
421,0,0,0,,0,2000300,2024-12-01
422,0,0,0,,0,2000301,2024-12-01
423,0,0,0,,0,2000302,2024-12-01
424,0,0,0,,0,2000303,2024-12-01
425,0,0,0,,0,2000304,2024-12-01
426,0,0,0,,0,2000305,2024-12-01
427,0,0,0,,0,2000306,2024-12-01
428,0,0,0,,0,2000307,2024-12-01
429,0,0,0,,0,2000308,2024-12-01
430,0,0,0,,0,2000309,2024-12-01
431,0,0,0,,0,2000310,2024-12-01
432,0,0,0,,0,2000311,2024-12-01
433,0,0,0,,0,2000312,2024-12-01
434,0,0,0,,0,2000313,2024-12-01
435,0,0,0,,0,2000314,2024-12-01
436,0,1,1,81.0,1,2000315,2024-12-01
437,0,0,0,,0,2000316,2024-12-01
438,0,0,1,291.0,1,2000317,2024-12-01
439,0,0,0,,0,2000318,2024-12-01
440,0,0,0,,0,2000319,2024-12-01
441,0,0,0,,0,2000320,2024-12-01
442,0,0,0,,0,2000321,2024-12-01
443,0,0,0,,0,2000322,2024-12-01
444,0,0,0,,0,2000323,2024-12-01
445,0,0,0,,0,2000324,2024-12-01
446,0,0,1,224.0,1,2000325,2024-12-01
447,0,1,1,42.0,1,2000326,2024-12-01
448,0,0,0,,0,2000327,2024-12-01
449,0,0,0,,0,2000328,2024-12-01
450,0,1,1,69.0,1,2000329,2024-12-01
451,0,0,0,,0,2000330,2024-12-01
452,0,0,0,,0,2000331,2024-12-01
453,0,0,0,,0,2000332,2024-12-01
454,0,0,0,,0,2000333,2024-12-01
455,0,0,0,,0,2000334,2024-12-01
456,0,0,0,,0,2000335,2024-12-01
457,0,0,0,,0,2000336,2024-12-01
458,0,0,0,,0,2000337,2024-12-01
459,0,0,1,134.0,1,2000338,2024-12-01
460,0,0,0,,0,2000339,2024-12-01
461,0,0,0,,0,2000340,2024-12-01
462,0,0,0,,0,2000341,2024-12-01
463,0,0,0,,0,2000342,2024-12-01
464,0,0,0,,0,2000343,2024-12-01
465,0,0,0,,0,2000344,2024-12-01
466,0,0,0,,0,2000345,2024-12-01
467,0,0,0,,0,2000346,2024-12-01
468,0,0,0,,0,2000347,2024-12-01
469,0,0,0,,0,2000348,2024-12-01
470,0,0,0,,0,2000349,2024-12-01
471,0,0,0,,0,2000350,2024-12-01
472,0,0,0,,0,2000351,2024-12-01
473,0,0,0,,0,2000352,2024-12-01
474,0,0,0,,0,2000353,2024-12-01
475,0,1,1,75.0,1,2000354,2024-12-01
476,0,0,0,,0,2000355,2024-12-01
477,0,0,0,,0,2000356,2024-12-01
478,0,0,0,,0,2000357,2024-12-01
479,0,0,0,,0,2000358,2024-12-01
480,0,0,0,,0,2000359,2024-12-01
481,0,0,0,,0,2000360,2024-12-01
482,0,0,0,,0,2000361,2024-12-01
483,0,0,0,,0,2000362,2024-12-01
484,0,0,0,,0,2000363,2024-12-01
485,0,0,0,,0,2000364,2024-12-01
486,0,0,1,363.0,1,2000365,2024-12-01
487,0,0,0,,0,2000366,2024-12-01
488,0,0,1,309.0,1,2000367,2024-12-01
489,0,0,0,,0,2000368,2024-12-01
490,0,0,0,,0,2000369,2024-12-01
491,0,0,0,,0,2000370,2024-12-01
492,0,0,0,,0,2000371,2024-12-01
493,0,0,0,,0,2000372,2024-12-01
494,0,0,0,,0,2000373,2024-12-01
495,0,0,0,,0,2000374,2024-12-01
496,0,0,0,,0,2000375,2024-12-01
497,0,0,0,,0,2000376,2024-12-01
498,0,0,0,,0,2000377,2024-12-01
499,0,0,0,,0,2000378,2024-12-01
500,0,0,0,,0,2000379,2024-12-01
501,0,0,0,,0,2000380,2024-12-01
502,0,0,0,,0,2000381,2024-12-01
503,0,0,0,,0,2000382,2024-12-01
504,0,0,0,,0,2000383,2024-12-01
505,0,0,0,,0,2000384,2024-12-01
506,0,0,0,,0,2000385,2024-12-01
507,0,0,0,,0,2000386,2024-12-01
508,0,0,0,,0,2000387,2024-12-01
509,0,0,0,,0,2000388,2024-12-01
510,0,0,0,,0,2000389,2024-12-01
511,0,0,1,172.0,1,2000390,2024-12-01
512,0,0,0,,0,2000391,2024-12-01
513,0,0,0,,0,2000392,2024-12-01
514,0,0,0,,0,2000393,2024-12-01
515,0,0,0,,0,2000394,2024-12-01
516,0,0,0,,0,2000395,2024-12-01
517,0,0,0,,0,2000396,2024-12-01
518,0,0,0,,0,2000397,2024-12-01
519,0,0,0,,0,2000398,2024-12-01
520,0,0,0,,0,2000399,2024-12-01
521,0,0,1,120.0,1,2000400,2024-12-01
522,0,0,0,,0,2000401,2024-12-01
523,0,0,0,,0,2000402,2024-12-01
524,0,0,0,,0,2000403,2024-12-01
525,0,0,0,,0,2000404,2024-12-01
526,0,0,0,,0,2000405,2024-12-01
527,0,0,0,,0,2000406,2024-12-01
528,0,0,0,,0,2000407,2024-12-01
529,0,0,0,,0,2000408,2024-12-01
530,0,0,0,367.0,1,2000409,2024-12-01
531,0,0,0,,0,2000410,2024-12-01
532,0,0,0,,0,2000411,2024-12-01
533,0,0,0,,0,2000412,2024-12-01
534,0,0,0,,0,2000413,2024-12-01
535,0,0,0,,0,2000414,2024-12-01
536,1,1,1,9.0,1,2000415,2024-12-01
537,0,0,0,,0,2000416,2024-12-01
538,0,0,0,,0,2000417,2024-12-01
539,0,0,0,,0,2000418,2024-12-01
540,0,0,0,,0,2000419,2024-12-01
541,0,0,0,,0,2000420,2024-12-01
542,0,0,1,195.0,1,2000421,2024-12-01
543,0,0,0,,0,2000422,2024-12-01
544,0,0,0,,0,2000423,2024-12-01
545,0,0,0,,0,2000424,2024-12-01
546,0,0,0,,0,2000425,2024-12-01
547,0,0,0,,0,2000426,2024-12-01
548,0,0,0,,0,2000427,2024-12-01
549,0,0,0,,0,2000428,2024-12-01
550,0,0,0,,0,2000429,2024-12-01
551,0,0,0,,0,2000430,2024-12-01
552,0,0,0,,0,2000431,2024-12-01
553,0,0,0,,0,2000432,2024-12-01
554,0,0,0,,0,2000433,2024-12-01
555,0,0,0,,0,2000434,2024-12-01
556,0,0,0,,0,2000435,2024-12-01
557,0,0,0,,0,2000436,2024-12-01
558,0,0,0,,0,2000437,2024-12-01
559,0,0,0,,0,2000438,2024-12-01
560,0,0,0,,0,2000439,2024-12-01
561,0,0,0,,0,2000440,2024-12-01
562,0,0,0,,0,2000441,2024-12-01
563,0,0,0,,0,2000442,2024-12-01
564,0,0,0,,0,2000443,2024-12-01
565,0,0,0,,0,2000444,2024-12-01
566,0,0,0,,0,2000445,2024-12-01
567,0,0,0,,0,2000446,2024-12-01
568,0,0,0,,0,2000447,2024-12-01
569,0,0,0,,0,2000448,2024-12-01
570,0,0,0,,0,2000449,2024-12-01
571,0,0,0,,0,2000450,2024-12-01
572,0,0,0,,0,2000451,2024-12-01
573,0,0,0,,0,2000452,2024-12-01
574,0,0,0,,0,2000453,2024-12-01
575,0,0,0,,0,2000454,2024-12-01
576,0,0,1,271.0,1,2000455,2024-12-01
577,0,0,0,,0,2000456,2024-12-01
578,1,1,1,13.0,1,2000457,2024-12-01
579,0,0,0,,0,2000458,2024-12-01
580,0,0,0,,0,2000459,2024-12-01
581,0,0,0,,0,2000460,2024-12-01
582,0,0,0,,0,2000461,2024-12-01
583,0,0,0,,0,2000462,2024-12-01
584,0,0,0,,0,2000463,2024-12-01
585,0,0,0,,0,2000464,2024-12-01
586,0,0,0,,0,2000465,2024-12-01
587,0,0,0,,0,2000466,2024-12-01
588,0,0,0,,0,2000467,2024-12-01
589,0,0,1,148.0,1,2000468,2024-12-01
590,0,0,0,,0,2000469,2024-12-01
591,0,1,1,71.0,1,2000470,2024-12-01
592,1,1,1,10.0,1,2000471,2024-12-01
593,0,0,0,,0,2000472,2024-12-01
594,0,0,0,,0,2000473,2024-12-01
595,0,0,0,,0,2000474,2024-12-01
596,0,0,0,,0,2000475,2024-12-01
597,0,0,0,,0,2000476,2024-12-01
598,0,0,0,,0,2000477,2024-12-01
599,0,0,0,,0,2000478,2024-12-01
600,0,0,0,,0,2000479,2024-12-01
601,0,0,0,,0,2000480,2024-12-01
602,0,0,0,,0,2000481,2024-12-01
603,0,0,0,,0,2000482,2024-12-01
604,0,0,0,,0,2000483,2024-12-01
605,0,0,0,,0,2000484,2024-12-01
606,0,0,0,,0,2000485,2024-12-01
607,0,0,0,,0,2000486,2024-12-01
608,0,0,0,,0,2000487,2024-12-01
609,0,0,0,,0,2000488,2024-12-01
610,0,0,0,,0,2000489,2024-12-01
611,0,0,0,,0,2000490,2024-12-01
612,0,0,0,,0,2000491,2024-12-01
613,0,0,0,,0,2000492,2024-12-01
614,0,1,1,83.0,1,2000493,2024-12-01
615,0,0,0,,0,2000494,2024-12-01
616,0,0,0,,0,2000495,2024-12-01
617,0,0,0,,0,2000496,2024-12-01
618,0,0,0,,0,2000497,2024-12-01
619,0,0,0,,0,2000498,2024-12-01
620,0,0,0,,0,2000499,2024-12-01
621,0,0,0,,0,2000500,2024-12-01
622,0,0,0,,0,2000501,2024-12-01
623,0,1,1,56.0,1,2000502,2024-12-01
624,0,0,0,,0,2000503,2024-12-01
625,0,0,0,,0,2000504,2024-12-01
626,1,1,1,28.0,1,2000505,2024-12-01
627,0,0,0,,0,2000506,2024-12-01
628,0,0,1,349.0,1,2000507,2024-12-01
629,0,0,0,,0,2000508,2024-12-01
630,0,0,0,,0,2000509,2024-12-01
631,0,0,0,,0,2000510,2024-12-01
632,0,0,0,,0,2000511,2024-12-01
633,0,0,0,,0,2000512,2024-12-01
634,0,0,0,,0,2000513,2024-12-01
635,0,0,0,,0,2000514,2024-12-01
636,0,0,0,,0,2000515,2024-12-01
637,0,0,0,,0,2000516,2024-12-01
638,0,0,0,,0,2000517,2024-12-01
639,0,0,0,,0,2000518,2024-12-01
640,0,0,0,,0,2000519,2024-12-01
641,0,0,0,,0,2000520,2024-12-01
642,0,0,0,,0,2000521,2024-12-01
643,0,0,1,119.0,1,2000522,2024-12-01
644,0,0,0,,0,2000523,2024-12-01
645,0,0,0,,0,2000524,2024-12-01
646,0,0,0,,0,2000525,2024-12-01
647,0,0,0,,0,2000526,2024-12-01
648,0,0,0,,0,2000527,2024-12-01
649,0,0,0,,0,2000528,2024-12-01
650,0,0,0,,0,2000529,2024-12-01
651,0,0,0,,0,2000530,2024-12-01
652,0,0,0,,0,2000531,2024-12-01
653,0,0,0,,0,2000532,2024-12-01
654,0,0,0,,0,2000533,2024-12-01
655,0,0,0,,0,2000534,2024-12-01
656,0,0,0,,0,2000535,2024-12-01
657,0,0,0,,0,2000536,2024-12-01
658,0,0,0,,0,2000537,2024-12-01
659,0,0,0,,0,2000538,2024-12-01
660,0,0,0,,0,2000539,2024-12-01
661,0,0,0,,0,2000540,2024-12-01
662,0,0,0,,0,2000541,2024-12-01
663,0,1,1,89.0,1,2000542,2024-12-01
664,0,0,1,155.0,1,2000543,2024-12-01
665,0,0,1,134.0,1,2000544,2024-12-01
666,0,0,0,,0,2000545,2024-12-01
667,0,0,0,,0,2000546,2024-12-01
668,0,0,0,,0,2000547,2024-12-01
669,0,0,0,,0,2000548,2024-12-01
670,0,0,0,,0,2000549,2024-12-01
671,0,0,0,,0,2000550,2024-12-01
672,0,0,0,,0,2000551,2024-12-01
673,0,0,0,,0,2000552,2024-12-01
674,0,0,0,,0,2000553,2024-12-01
675,0,0,0,369.0,1,2000554,2024-12-01
676,0,0,0,,0,2000555,2024-12-01
677,0,0,0,,0,2000556,2024-12-01
678,0,0,0,,0,2000557,2024-12-01
679,0,0,0,,0,2000558,2024-12-01
680,0,0,0,,0,2000559,2024-12-01
681,0,0,0,,0,2000560,2024-12-01
682,0,0,0,,0,2000561,2024-12-01
683,0,0,0,,0,2000562,2024-12-01
684,0,0,0,,0,2000563,2024-12-01
685,0,0,0,,0,2000564,2024-12-01
686,0,0,0,,0,2000565,2024-12-01
687,0,0,0,,0,2000566,2024-12-01
688,0,0,0,367.0,1,2000567,2024-12-01
689,0,0,0,,0,2000568,2024-12-01
690,0,0,0,,0,2000569,2024-12-01
691,0,0,0,,0,2000570,2024-12-01
692,0,1,1,53.0,1,2000571,2024-12-01
693,0,0,0,,0,2000572,2024-12-01
694,0,0,0,,0,2000573,2024-12-01
695,0,0,0,,0,2000574,2024-12-01
696,0,0,0,,0,2000575,2024-12-01
697,0,0,0,,0,2000576,2024-12-01
698,0,0,0,,0,2000577,2024-12-01
699,0,0,0,,0,2000578,2024-12-01
700,0,0,0,,0,2000579,2024-12-01
701,0,0,1,317.0,1,2000580,2024-12-01
702,0,0,1,174.0,1,2000581,2024-12-01
703,0,0,0,,0,2000582,2024-12-01
704,0,0,0,,0,2000583,2024-12-01
705,0,0,1,126.0,1,2000584,2024-12-01
706,0,1,1,63.0,1,2000585,2024-12-01
707,0,0,0,,0,2000586,2024-12-01
708,0,0,0,,0,2000587,2024-12-01
709,0,0,0,,0,2000588,2024-12-01
710,0,0,0,,0,2000589,2024-12-01
711,0,0,0,,0,2000590,2024-12-01
712,0,0,0,,0,2000591,2024-12-01
713,0,0,0,,0,2000592,2024-12-01
714,0,0,0,,0,2000593,2024-12-01
715,0,0,1,217.0,1,2000594,2024-12-01
716,1,1,1,5.0,1,2000595,2024-12-01
717,0,0,0,,0,2000596,2024-12-01
718,0,0,0,,0,2000597,2024-12-01
719,0,0,0,,0,2000598,2024-12-01
720,0,0,0,,0,2000599,2024-12-01
721,0,0,0,,0,2000600,2024-12-01
722,0,0,0,,0,2000601,2024-12-01
723,0,0,0,,0,2000602,2024-12-01
724,0,0,0,,0,2000603,2024-12-01
725,0,0,0,,0,2000604,2024-12-01
726,0,0,0,,0,2000605,2024-12-01
727,0,0,0,,0,2000606,2024-12-01
728,0,0,0,,0,2000607,2024-12-01
729,0,0,0,,0,2000608,2024-12-01
730,0,0,0,,0,2000609,2024-12-01
731,0,0,0,,0,2000610,2024-12-01
732,0,0,0,,0,2000611,2024-12-01
733,0,0,0,,0,2000612,2024-12-01
734,0,0,0,,0,2000613,2024-12-01
735,0,0,0,,0,2000614,2024-12-01
736,0,0,0,,0,2000615,2024-12-01
737,0,0,0,,0,2000616,2024-12-01
738,0,0,0,,0,2000617,2024-12-01
739,0,0,0,,0,2000618,2024-12-01
740,0,0,0,,0,2000619,2024-12-01
741,0,0,0,,0,2000620,2024-12-01
742,0,0,1,165.0,1,2000621,2024-12-01
743,0,0,0,,0,2000622,2024-12-01
744,1,1,1,25.0,1,2000623,2024-12-01
745,0,0,0,,0,2000624,2024-12-01
746,0,0,0,,0,2000625,2024-12-01
747,0,0,0,,0,2000626,2024-12-01
748,0,0,0,,0,2000627,2024-12-01
749,0,0,0,,0,2000628,2024-12-01
750,0,0,0,379.0,1,2000629,2024-12-01
751,0,0,0,,0,2000630,2024-12-01
752,0,0,0,,0,2000631,2024-12-01
753,0,0,0,,0,2000632,2024-12-01
754,0,0,0,,0,2000633,2024-12-01
755,0,0,0,,0,2000634,2024-12-01
756,0,1,1,38.0,1,2000635,2024-12-01
757,0,0,0,,0,2000636,2024-12-01
758,1,1,1,13.0,1,2000637,2024-12-01
759,0,0,1,301.0,1,2000638,2024-12-01
760,0,0,0,,0,2000639,2024-12-01
761,0,0,0,,0,2000640,2024-12-01
762,0,0,0,,0,2000641,2024-12-01
763,0,0,0,,0,2000642,2024-12-01
764,0,0,1,258.0,1,2000643,2024-12-01
765,0,0,0,,0,2000644,2024-12-01
766,0,0,0,,0,2000645,2024-12-01
767,0,0,0,,0,2000646,2024-12-01
768,0,0,0,,0,2000647,2024-12-01
769,0,0,0,,0,2000648,2024-12-01
770,0,0,0,,0,2000649,2024-12-01
771,0,0,0,,0,2000650,2024-12-01
772,0,0,1,310.0,1,2000651,2024-12-01
773,0,0,0,,0,2000652,2024-12-01
774,0,0,0,,0,2000653,2024-12-01
775,0,0,0,,0,2000654,2024-12-01
776,0,0,0,,0,2000655,2024-12-01
777,0,0,0,,0,2000656,2024-12-01
778,0,0,0,,0,2000657,2024-12-01
779,0,0,1,144.0,1,2000658,2024-12-01
780,0,0,0,,0,2000659,2024-12-01
781,0,0,1,127.0,1,2000660,2024-12-01
782,0,0,0,,0,2000661,2024-12-01
783,0,0,0,,0,2000662,2024-12-01
784,0,0,0,,0,2000663,2024-12-01
785,0,0,0,,0,2000664,2024-12-01
786,0,0,0,,0,2000665,2024-12-01
787,0,0,0,,0,2000666,2024-12-01
788,0,0,1,307.0,1,2000667,2024-12-01
789,0,0,0,,0,2000668,2024-12-01
790,0,0,0,,0,2000669,2024-12-01
791,0,0,0,,0,2000670,2024-12-01
792,0,0,0,,0,2000671,2024-12-01
793,0,0,0,,0,2000672,2024-12-01
794,0,0,0,,0,2000673,2024-12-01
795,0,0,0,,0,2000674,2024-12-01
796,0,0,0,,0,2000675,2024-12-01
797,0,0,0,,0,2000676,2024-12-01
798,0,0,0,,0,2000677,2024-12-01
799,0,0,0,,0,2000678,2024-12-01
800,0,0,0,,0,2000679,2024-12-01
801,0,0,0,,0,2000680,2024-12-01
802,0,0,0,,0,2000681,2024-12-01
803,0,0,0,,0,2000682,2024-12-01
804,0,0,0,,0,2000683,2024-12-01
805,0,0,1,268.0,1,2000684,2024-12-01
806,0,0,0,,0,2000685,2024-12-01
807,0,0,0,,0,2000686,2024-12-01
808,0,0,0,,0,2000687,2024-12-01
809,0,0,0,,0,2000688,2024-12-01
810,0,0,0,,0,2000689,2024-12-01
811,0,0,0,,0,2000690,2024-12-01
812,0,0,0,,0,2000691,2024-12-01
813,0,0,0,,0,2000692,2024-12-01
814,0,0,0,,0,2000693,2024-12-01
815,0,0,0,,0,2000694,2024-12-01
816,0,0,0,,0,2000695,2024-12-01
817,0,0,0,,0,2000696,2024-12-01
818,0,0,0,,0,2000697,2024-12-01
819,0,0,0,,0,2000698,2024-12-01
820,1,1,1,6.0,1,2000699,2024-12-01
821,0,0,0,,0,2000700,2024-12-01
822,1,1,1,25.0,1,2000701,2024-12-01
823,0,0,0,,0,2000702,2024-12-01
824,0,0,0,,0,2000703,2024-12-01
825,0,0,0,,0,2000704,2024-12-01
826,0,0,0,,0,2000705,2024-12-01
827,0,0,0,,0,2000706,2024-12-01
828,0,0,0,,0,2000707,2024-12-01
829,0,0,0,,0,2000708,2024-12-01
830,0,0,0,,0,2000709,2024-12-01
831,0,0,0,,0,2000710,2024-12-01
832,0,0,1,164.0,1,2000711,2024-12-01
833,0,0,0,,0,2000712,2024-12-01
834,0,0,0,,0,2000713,2024-12-01
835,0,0,0,,0,2000714,2024-12-01
836,0,0,0,,0,2000715,2024-12-01
837,0,0,0,,0,2000716,2024-12-01
838,0,0,0,,0,2000717,2024-12-01
839,0,0,0,,0,2000718,2024-12-01
840,0,0,0,,0,2000719,2024-12-01
841,0,0,0,,0,2000720,2024-12-01
842,0,0,0,,0,2000721,2024-12-01
843,0,0,0,,0,2000722,2024-12-01
844,0,0,0,,0,2000723,2024-12-01
845,0,1,1,48.0,1,2000724,2024-12-01
846,0,0,1,258.0,1,2000725,2024-12-01
847,0,0,0,,0,2000726,2024-12-01
848,0,0,0,,0,2000727,2024-12-01
849,0,0,0,,0,2000728,2024-12-01
850,0,0,0,,0,2000729,2024-12-01
851,0,0,0,,0,2000730,2024-12-01
852,0,0,1,111.0,1,2000731,2024-12-01
853,0,0,0,,0,2000732,2024-12-01
854,0,0,0,,0,2000733,2024-12-01
855,0,0,0,,0,2000734,2024-12-01
856,0,0,0,,0,2000735,2024-12-01
857,0,0,1,101.0,1,2000736,2024-12-01
858,0,0,0,,0,2000737,2024-12-01
859,0,0,0,,0,2000738,2024-12-01
860,0,0,0,,0,2000739,2024-12-01
861,0,0,0,,0,2000740,2024-12-01
862,0,0,1,279.0,1,2000741,2024-12-01
863,0,0,0,,0,2000742,2024-12-01
864,0,0,0,,0,2000743,2024-12-01
865,0,0,0,,0,2000744,2024-12-01
866,0,0,0,,0,2000745,2024-12-01
867,0,0,0,,0,2000746,2024-12-01
868,0,0,0,,0,2000747,2024-12-01
869,0,0,1,289.0,1,2000748,2024-12-01
870,0,1,1,66.0,1,2000749,2024-12-01
871,0,0,0,,0,2000750,2024-12-01
872,0,0,0,,0,2000751,2024-12-01
873,0,0,0,,0,2000752,2024-12-01
874,0,0,0,,0,2000753,2024-12-01
875,0,0,0,,0,2000754,2024-12-01
876,0,0,0,,0,2000755,2024-12-01
877,0,0,0,,0,2000756,2024-12-01
878,0,0,0,,0,2000757,2024-12-01
879,0,0,0,,0,2000758,2024-12-01
880,0,0,0,,0,2000759,2024-12-01
881,0,0,0,,0,2000760,2024-12-01
882,0,0,0,,0,2000761,2024-12-01
883,0,0,1,354.0,1,2000762,2024-12-01
884,0,0,0,,0,2000763,2024-12-01
885,0,0,0,,0,2000764,2024-12-01
886,0,0,0,,0,2000765,2024-12-01
887,0,0,1,93.0,1,2000766,2024-12-01
888,0,0,0,,0,2000767,2024-12-01
889,0,0,0,,0,2000768,2024-12-01
890,0,0,0,,0,2000769,2024-12-01
891,0,0,0,,0,2000770,2024-12-01
892,0,0,0,,0,2000771,2024-12-01
893,0,0,0,,0,2000772,2024-12-01
894,0,0,0,,0,2000773,2024-12-01
895,0,0,1,185.0,1,2000774,2024-12-01
896,0,0,0,,0,2000775,2024-12-01
897,0,0,0,,0,2000776,2024-12-01
898,0,0,0,,0,2000777,2024-12-01
899,0,0,0,,0,2000778,2024-12-01
900,0,0,0,,0,2000779,2024-12-01
901,0,0,0,,0,2000780,2024-12-01
902,0,0,0,,0,2000781,2024-12-01
903,0,0,0,,0,2000782,2024-12-01
904,0,0,0,,0,2000783,2024-12-01
905,0,0,0,,0,2000784,2024-12-01
906,0,0,0,,0,2000785,2024-12-01
907,0,0,0,,0,2000786,2024-12-01
908,0,0,0,,0,2000787,2024-12-01
909,0,0,0,,0,2000788,2024-12-01
910,0,0,0,,0,2000789,2024-12-01
911,0,0,0,,0,2000790,2024-12-01
912,0,0,0,,0,2000791,2024-12-01
913,0,0,0,,0,2000792,2024-12-01
914,0,0,0,,0,2000793,2024-12-01
915,0,0,0,,0,2000794,2024-12-01
916,0,0,0,,0,2000795,2024-12-01
917,0,0,0,,0,2000796,2024-12-01
918,0,0,0,,0,2000797,2024-12-01
919,0,0,0,,0,2000798,2024-12-01
920,0,0,0,,0,2000799,2024-12-01
921,0,0,0,,0,2000800,2024-12-01
922,0,0,0,,0,2000801,2024-12-01
923,0,0,0,,0,2000802,2024-12-01
924,0,0,0,,0,2000803,2024-12-01
925,0,0,0,,0,2000804,2024-12-01
926,0,0,0,,0,2000805,2024-12-01
927,0,0,0,,0,2000806,2024-12-01
928,0,0,0,,0,2000807,2024-12-01
929,0,0,0,,0,2000808,2024-12-01
930,0,0,0,,0,2000809,2024-12-01
931,0,0,0,,0,2000810,2024-12-01
932,0,1,1,90.0,1,2000811,2024-12-01
933,0,0,1,104.0,1,2000812,2024-12-01
934,0,0,0,,0,2000813,2024-12-01
935,0,0,0,,0,2000814,2024-12-01
936,0,0,0,,0,2000815,2024-12-01
937,0,0,0,,0,2000816,2024-12-01
938,0,0,0,,0,2000817,2024-12-01
939,0,0,0,,0,2000818,2024-12-01
940,0,0,0,,0,2000819,2024-12-01
941,0,0,0,,0,2000820,2024-12-01
942,0,0,0,,0,2000821,2024-12-01
943,0,0,0,,0,2000822,2024-12-01
944,0,0,0,,0,2000823,2024-12-01
945,0,0,0,,0,2000824,2024-12-01
946,0,0,0,,0,2000825,2024-12-01
947,0,0,0,,0,2000826,2024-12-01
948,0,0,0,,0,2000827,2024-12-01
949,0,0,0,,0,2000828,2024-12-01
950,0,0,0,,0,2000829,2024-12-01
951,0,0,0,,0,2000830,2024-12-01
952,0,0,0,,0,2000831,2024-12-01
953,0,0,0,,0,2000832,2024-12-01
954,0,0,0,,0,2000833,2024-12-01
955,0,0,0,,0,2000834,2024-12-01
956,0,1,1,46.0,1,2000835,2024-12-01
957,0,0,0,,0,2000836,2024-12-01
958,0,0,0,,0,2000837,2024-12-01
959,0,0,0,,0,2000838,2024-12-01
960,0,0,0,,0,2000839,2024-12-01
961,0,0,0,,0,2000840,2024-12-01
962,0,0,0,,0,2000841,2024-12-01
963,0,1,1,69.0,1,2000842,2024-12-01
964,0,0,0,,0,2000843,2024-12-01
965,0,0,0,,0,2000844,2024-12-01
966,0,0,0,,0,2000845,2024-12-01
967,0,0,0,,0,2000846,2024-12-01
968,0,0,0,,0,2000847,2024-12-01
969,0,0,0,,0,2000848,2024-12-01
970,0,0,0,,0,2000849,2024-12-01
971,0,1,1,90.0,1,2000850,2024-12-01
972,0,0,0,,0,2000851,2024-12-01
973,0,0,0,,0,2000852,2024-12-01
974,0,0,0,,0,2000853,2024-12-01
975,0,0,0,,0,2000854,2024-12-01
976,0,0,0,,0,2000855,2024-12-01
977,0,0,0,,0,2000856,2024-12-01
978,0,0,0,,0,2000857,2024-12-01
979,0,0,0,,0,2000858,2024-12-01
980,0,0,0,,0,2000859,2024-12-01
981,0,0,1,135.0,1,2000860,2024-12-01
982,0,0,0,,0,2000861,2024-12-01
983,0,0,0,,0,2000862,2024-12-01
984,0,1,1,75.0,1,2000863,2024-12-01
985,0,0,0,,0,2000864,2024-12-01
986,0,0,0,,0,2000865,2024-12-01
987,0,0,0,,0,2000866,2024-12-01
988,0,0,0,,0,2000867,2024-12-01
989,0,0,0,,0,2000868,2024-12-01
990,0,1,1,89.0,1,2000869,2024-12-01
991,0,0,0,,0,2000870,2024-12-01
992,0,0,0,,0,2000871,2024-12-01
993,0,0,0,,0,2000872,2024-12-01
994,0,0,0,,0,2000873,2024-12-01
995,0,0,0,,0,2000874,2024-12-01
996,0,0,0,,0,2000875,2024-12-01
997,0,0,0,,0,2000876,2024-12-01
998,0,0,0,,0,2000877,2024-12-01
999,0,0,0,,0,2000878,2024-12-01
1000,0,0,0,,0,2000879,2024-12-01
1001,1,1,1,20.0,1,2000880,2024-12-01
1002,0,0,0,,0,2000881,2024-12-01
1003,0,0,0,,0,2000882,2024-12-01
1004,0,0,0,,0,2000883,2024-12-01
1005,0,0,0,,0,2000884,2024-12-01
1006,0,0,0,,0,2000885,2024-12-01
1007,0,0,0,,0,2000886,2024-12-01
1008,0,0,0,,0,2000887,2024-12-01
1009,0,0,0,,0,2000888,2024-12-01
1010,0,0,0,,0,2000889,2024-12-01
1011,0,0,0,,0,2000890,2024-12-01
1012,0,0,0,,0,2000891,2024-12-01
1013,0,0,0,,0,2000892,2024-12-01
1014,0,0,0,,0,2000893,2024-12-01
1015,0,0,0,,0,2000894,2024-12-01
1016,0,0,0,,0,2000895,2024-12-01
1017,0,0,0,,0,2000896,2024-12-01
1018,0,0,0,,0,2000897,2024-12-01
1019,0,0,0,,0,2000898,2024-12-01
1020,0,0,0,,0,2000899,2024-12-01
1021,0,0,0,,0,2000900,2024-12-01
1022,0,0,0,,0,2000901,2024-12-01
1023,0,0,0,,0,2000902,2024-12-01
1024,0,0,1,153.0,1,2000903,2024-12-01
1025,0,0,0,,0,2000904,2024-12-01
1026,0,0,0,,0,2000905,2024-12-01
1027,0,0,0,,0,2000906,2024-12-01
1028,0,0,0,,0,2000907,2024-12-01
1029,0,0,0,,0,2000908,2024-12-01
1030,0,0,0,,0,2000909,2024-12-01
1031,0,0,0,,0,2000910,2024-12-01
1032,0,0,0,,0,2000911,2024-12-01
1033,0,0,0,,0,2000912,2024-12-01
1034,0,0,0,,0,2000913,2024-12-01
1035,0,0,1,271.0,1,2000914,2024-12-01
1036,0,0,0,,0,2000915,2024-12-01
1037,0,0,0,,0,2000916,2024-12-01
1038,0,0,1,201.0,1,2000917,2024-12-01
1039,0,0,0,,0,2000918,2024-12-01
1040,0,0,0,,0,2000919,2024-12-01
1041,0,0,0,,0,2000920,2024-12-01
1042,0,0,0,,0,2000921,2024-12-01
1043,0,0,0,,0,2000922,2024-12-01
1044,0,0,0,,0,2000923,2024-12-01
1045,0,0,0,,0,2000924,2024-12-01
1046,0,0,0,,0,2000925,2024-12-01
1047,0,0,0,,0,2000926,2024-12-01
1048,0,0,0,,0,2000927,2024-12-01
1049,0,0,1,329.0,1,2000928,2024-12-01
1050,0,0,0,,0,2000929,2024-12-01
1051,0,0,0,,0,2000930,2024-12-01
1052,0,0,0,,0,2000931,2024-12-01
1053,0,0,0,,0,2000932,2024-12-01
1054,0,0,0,,0,2000933,2024-12-01
1055,0,1,1,67.0,1,2000934,2024-12-01
1056,0,0,0,,0,2000935,2024-12-01
1057,0,0,0,,0,2000936,2024-12-01
1058,0,0,1,134.0,1,2000937,2024-12-01
1059,0,0,0,,0,2000938,2024-12-01
1060,0,0,0,,0,2000939,2024-12-01
1061,0,0,0,,0,2000940,2024-12-01
1062,0,0,0,,0,2000941,2024-12-01
1063,0,0,0,,0,2000942,2024-12-01
1064,0,0,0,,0,2000943,2024-12-01
1065,0,0,0,,0,2000944,2024-12-01
